Nom,Pr√©nom
Pennington,Carolyn
Mejia,Audrey
Guzman,John
Arnold,Sarah
Anderson,Shelly
Hernandez,Joshua
Gillespie,Michael
Barnes,Regina
Smith,Tamara
Smith,David
Steele,Ryan
Gray,Jeremy
Clark,Alicia
Black,Jonathan
Smith,Sherry
Sweeney,Christopher
Herman,Debra
Bray,Michael
Hughes,Cynthia
Hawkins,Jonathan
Esparza,Beth
Gordon,Michele
Wilson,Alexandra
Turner,Paige
Lucas,Samantha
Huff,Jonathan
Wu,Patricia
Lopez,Jeffrey
Haynes,Jennifer
Stone,Edwin
Carter,Kristen
Newton,Sharon
White,Michael
Gutierrez,Ryan
Wright,Melissa
Long,Nicholas
Marks,Barbara
Smith,Alexis
Gibson,Victoria
Wilson,Paula
Long,Christopher
Duffy,Cynthia
Rodriguez,Kyle
Woods,Steven
Andrade,David
Williams,Dale
Johnson,Phillip
Woods,Michael
Odonnell,David
Williams,Jon
Ruiz,Jacob
Jones,Lucas
Griffin,Jeffrey
Perez,Matthew
Hernandez,Eric
Wallace,Dennis
Gross,Heather
Ellis,April
Novak,Michelle
Guzman,Wendy
Lane,Shawn
White,David
Gilmore,Donna
Castro,Karen
Thomas,Heather
Gonzalez,Omar
Johnson,Pamela
Hobbs,David
Evans,David
Walton,Christopher
Daniels,Jonathan
Bush,Jennifer
Gutierrez,Cathy
Williams,Marie
Sutton,Rachael
Foster,Pamela
Osborne,William
Perry,Kevin
Kemp,Jason
Freeman,David
Gillespie,Jonathan
Brown,Andrew
Jones,Daniel
Fitzgerald,Alexandra
Benjamin,Jacob
Smith,Kenneth
Smith,Leslie
Macdonald,Sarah
Perry,Willie
Baker,Barbara
Hall,Erik
Williams,Andrea
Murphy,John
Thompson,Alan
Calhoun,Haley
Soto,Jamie
Alvarez,Walter
Barry,Austin
White,Sharon
Salazar,Rebecca
